,icc,pval
original_firstorder_Energy,0.8100076192693659,0.10562613606452942
original_firstorder_Mean,0.8222309625506983,0.9905734956264496
original_firstorder_Median,0.8387565958984872,0.7547849898591317
original_firstorder_RootMeanSquared,0.8435075358717539,0.41325296461582184
original_firstorder_TotalEnergy,0.7755738943518148,0.16235288977622986
original_glcm_DifferenceAverage,0.7605067112472802,0.8407831341028214
original_glcm_Id,0.760525846358867,0.4270208328962326
original_glcm_Idm,0.75511914285364,0.3483276069164276
original_glcm_Idmn,0.7979959501758457,0.4698396325111389
original_gldm_DependenceNonUniformity,0.9446079219756698,0.06548145413398743
original_gldm_DependenceNonUniformityNormalized,0.8543277021097028,0.5148514956235886
original_gldm_LargeDependenceEmphasis,0.7625664442448365,0.4553176909685135
original_gldm_LargeDependenceHighGrayLevelEmphasis,0.8115880753766063,0.9905734956264496
original_gldm_LowGrayLevelEmphasis,0.8218597133575049,0.8593128323554993
original_gldm_SmallDependenceEmphasis,0.8149846802665951,0.3864929676055908
original_gldm_SmallDependenceLowGrayLevelEmphasis,0.7971630401928639,0.4270208328962326
original_glrlm_LongRunEmphasis,0.8016698882425556,0.37350593507289886
original_glrlm_LowGrayLevelRunEmphasis,0.8500249441421156,0.9340859353542328
original_glrlm_RunLengthNonUniformityNormalized,0.7957125161549417,0.219833105802536
original_glrlm_RunPercentage,0.8003735242825546,0.27924175560474396
original_glrlm_RunVariance,0.7947555153764841,0.4698396325111389
original_glrlm_ShortRunEmphasis,0.7916100687005325,0.2290707677602768
original_glrlm_ShortRunLowGrayLevelEmphasis,0.8593913632860776,0.9153143465518951
original_glszm_SizeZoneNonUniformity,0.934356155781875,0.11668527126312256
original_glszm_SizeZoneNonUniformityNormalized,0.8152732439056702,0.4270208328962326
original_glszm_SmallAreaEmphasis,0.8166730898381929,0.3864929676055908
original_glszm_ZonePercentage,0.8040564625822156,0.41325296461582184
original_ngtdm_Busyness,0.8233208498307041,0.06189882755279541
original_shape_Flatness,0.7706039102576235,0.82233826816082
original_shape_MajorAxisLength,0.8726848908112831,0.324220210313797
original_shape_Maximum2DDiameterColumn,0.9107534201257278,0.8889058167448884
original_shape_Maximum2DDiameterRow,0.9452744498327622,0.2583710700273514
original_shape_Maximum2DDiameterSlice,0.9268464437897413,0.27924175560474396
original_shape_Maximum3DDiameter,0.9157010454521469,0.8965883553028107
original_shape_MinorAxisLength,0.964342402125683,0.06548145413398743
original_shape_Sphericity,0.8042588335356076,0.41325296461582184
original_shape_SurfaceArea,0.9352052963283007,0.2583710700273514
wavelet-HHH_firstorder_10Percentile,0.8666748654468113,0.4996110200881958
wavelet-HHH_firstorder_90Percentile,0.891118694911383,0.4270208328962326
wavelet-HHH_firstorder_Entropy,0.9048997947099261,0.41325296461582184
wavelet-HHH_firstorder_InterquartileRange,0.8775537721333231,0.3864929676055908
wavelet-HHH_firstorder_Maximum,0.902500158020668,0.9905734956264496
wavelet-HHH_firstorder_MeanAbsoluteDeviation,0.8896539543187177,0.4846055656671524
wavelet-HHH_firstorder_Minimum,0.9220184140133516,0.4698396325111389
wavelet-HHH_firstorder_Range,0.9506146340810303,0.4698396325111389
wavelet-HHH_firstorder_RobustMeanAbsoluteDeviation,0.8794995412614743,0.37350593507289886
wavelet-HHH_firstorder_RootMeanSquared,0.899073814485764,0.6276643574237823
wavelet-HHH_firstorder_Uniformity,0.8946744211978765,0.15513363480567932
wavelet-HHH_firstorder_Variance,0.8555752577577714,0.6276643574237823
wavelet-HHH_glcm_Autocorrelation,0.9580675763074586,0.37350593507289886
wavelet-HHH_glcm_ClusterTendency,0.8604476838846377,0.6616804599761963
wavelet-HHH_glcm_Contrast,0.860133401385378,0.6789510101079941
wavelet-HHH_glcm_Correlation,0.7742145702863759,0.14815247058868408
wavelet-HHH_glcm_DifferenceAverage,0.8927698942198098,0.5780609846115112
wavelet-HHH_glcm_DifferenceEntropy,0.9048386568747243,0.5148514956235886
wavelet-HHH_glcm_DifferenceVariance,0.8707900164073485,0.8593128323554993
wavelet-HHH_glcm_Id,0.8947355675759825,0.2483380287885666
wavelet-HHH_glcm_Idm,0.8927517101051732,0.2021402269601822
wavelet-HHH_glcm_Imc1,0.8920630824573749,0.6963860541582108
wavelet-HHH_glcm_Imc2,0.9281905284485188,0.6276643574237823
wavelet-HHH_glcm_InverseVariance,0.8830089527594135,0.4270208328962326
wavelet-HHH_glcm_JointAverage,0.9129288664478611,0.5619325190782547
wavelet-HHH_glcm_JointEnergy,0.8825834138803756,0.10040661692619324
wavelet-HHH_glcm_JointEntropy,0.9013779227973001,0.44104358553886414
wavelet-HHH_glcm_MaximumProbability,0.8878132574402481,0.11105082929134369
wavelet-HHH_glcm_SumAverage,0.9129288664478611,0.5619325190782547
wavelet-HHH_glcm_SumEntropy,0.9056966877594285,0.4553176909685135
wavelet-HHH_glcm_SumSquares,0.8602811929758186,0.6789510101079941
wavelet-HHH_gldm_DependenceEntropy,0.8792799358110069,0.6789510101079941
wavelet-HHH_gldm_DependenceNonUniformity,0.9137649197459298,0.1698138564825058
wavelet-HHH_gldm_DependenceNonUniformityNormalized,0.8865774970326034,0.219833105802536
wavelet-HHH_gldm_DependenceVariance,0.8802031104344697,0.07314017415046692
wavelet-HHH_gldm_GrayLevelVariance,0.8567246295782713,0.6445824354887009
wavelet-HHH_gldm_HighGrayLevelEmphasis,0.9578321237045839,0.5619325190782547
wavelet-HHH_gldm_SmallDependenceEmphasis,0.9114301546989403,0.23857179284095764
wavelet-HHH_gldm_SmallDependenceHighGrayLevelEmphasis,0.9537183423588318,0.9528931677341461
wavelet-HHH_glrlm_GrayLevelNonUniformityNormalized,0.8954995683201286,0.19368016719818115
wavelet-HHH_glrlm_GrayLevelVariance,0.8588235015353161,0.6963860541582108
wavelet-HHH_glrlm_HighGrayLevelRunEmphasis,0.9578406524590636,0.5619325190782547
wavelet-HHH_glrlm_LongRunEmphasis,0.885444778392634,0.05208057165145874
wavelet-HHH_glrlm_LongRunHighGrayLevelEmphasis,0.9415833746971911,0.2290707677602768
wavelet-HHH_glrlm_RunEntropy,0.9033610239107962,0.8779177963733673
wavelet-HHH_glrlm_RunLengthNonUniformity,0.9507074524057316,0.09538766741752625
wavelet-HHH_glrlm_RunLengthNonUniformityNormalized,0.8924150488456121,0.1348898708820343
wavelet-HHH_glrlm_RunPercentage,0.8908568951050491,0.11105082929134369
wavelet-HHH_glrlm_ShortRunEmphasis,0.8892713198506114,0.10562613606452942
wavelet-HHH_glrlm_ShortRunHighGrayLevelEmphasis,0.9596454794480496,0.5460176914930344
wavelet-HHH_glszm_GrayLevelNonUniformity,0.948864615240827,0.39974282681941986
wavelet-HHH_glszm_GrayLevelNonUniformityNormalized,0.8440965870110124,0.4698396325111389
wavelet-HHH_glszm_GrayLevelVariance,0.8908897557766329,1.0
wavelet-HHH_glszm_HighGrayLevelZoneEmphasis,0.9581768427999137,0.4846055656671524
wavelet-HHH_glszm_LargeAreaLowGrayLevelEmphasis,0.8770734355620272,0.31257040798664093
wavelet-HHH_glszm_SizeZoneNonUniformity,0.8390561441838662,0.3483276069164276
wavelet-HHH_glszm_SmallAreaHighGrayLevelEmphasis,0.9576276998946129,0.4553176909685135
wavelet-HHH_glszm_ZoneEntropy,0.8876245474414006,0.8039880394935608
wavelet-HHH_glszm_ZonePercentage,0.9168806004341623,0.1854744255542755
wavelet-HHH_ngtdm_Busyness,0.9519662888970306,0.2290707677602768
wavelet-HHH_ngtdm_Coarseness,0.8896638497093412,0.06548145413398743
wavelet-HHH_ngtdm_Complexity,0.8518639131934227,0.8407831341028214
wavelet-HHH_ngtdm_Contrast,0.7559001863205334,0.82233826816082
wavelet-HHH_ngtdm_Strength,0.9137058372073398,0.3607836216688156
wavelet-HHL_firstorder_10Percentile,0.9006082064616365,0.8779177963733673
wavelet-HHL_firstorder_90Percentile,0.892629531498626,0.9717257022857666
wavelet-HHL_firstorder_Entropy,0.9243927374924762,0.9528931677341461
wavelet-HHL_firstorder_InterquartileRange,0.887361623831434,0.7317177355289459
wavelet-HHL_firstorder_MeanAbsoluteDeviation,0.908325658043069,0.7857417166233063
wavelet-HHL_firstorder_RobustMeanAbsoluteDeviation,0.8927383374862681,0.7857417166233063
wavelet-HHL_firstorder_RootMeanSquared,0.917928675805795,0.39974282681941986
wavelet-HHL_firstorder_Uniformity,0.9137477074137593,0.6109333634376526
wavelet-HHL_firstorder_Variance,0.8778516841013171,0.3607836216688156
wavelet-HHL_glcm_ClusterProminence,0.8227675167422043,0.06548145413398743
wavelet-HHL_glcm_ClusterTendency,0.8833365171618418,0.29008127748966217
wavelet-HHL_glcm_Contrast,0.878706366280368,0.5460176914930344
wavelet-HHL_glcm_Correlation,0.904966229147668,0.39974282681941986
wavelet-HHL_glcm_DifferenceAverage,0.9101853932323904,0.8779177963733673
wavelet-HHL_glcm_DifferenceEntropy,0.9267195311081389,0.9528931677341461
wavelet-HHL_glcm_DifferenceVariance,0.8900895900569026,0.19368016719818115
wavelet-HHL_glcm_Id,0.913923760611283,0.5780609846115112
wavelet-HHL_glcm_Idm,0.9119553419815803,0.4846055656671524
wavelet-HHL_glcm_Imc1,0.9064581224949068,0.15513363480567932
wavelet-HHL_glcm_Imc2,0.9433149466934719,0.1775200217962265
wavelet-HHL_glcm_InverseVariance,0.908130311532557,0.6109333634376526
wavelet-HHL_glcm_JointEnergy,0.9006839971768048,0.3607836216688156
wavelet-HHL_glcm_JointEntropy,0.9203523561590381,0.9153143465518951
wavelet-HHL_glcm_MaximumProbability,0.8910196538357189,0.37350593507289886
wavelet-HHL_glcm_SumEntropy,0.9249666056989861,0.9153143465518951
wavelet-HHL_glcm_SumSquares,0.8809159474178843,0.3864929676055908
wavelet-HHL_gldm_DependenceEntropy,0.870440147459377,0.0692269504070282
wavelet-HHL_gldm_DependenceNonUniformity,0.9140139602838339,0.11105082929134369
wavelet-HHL_gldm_DependenceNonUniformityNormalized,0.9009384346843569,0.2021402269601822
wavelet-HHL_gldm_DependenceVariance,0.8643876373779932,0.12860044836997986
wavelet-HHL_gldm_GrayLevelVariance,0.8774128375513714,0.37350593507289886
wavelet-HHL_gldm_LargeDependenceEmphasis,0.8954062818838114,0.12253367900848389
wavelet-HHL_gldm_LargeDependenceLowGrayLevelEmphasis,0.930351620321091,0.27924175560474396
wavelet-HHL_gldm_SmallDependenceEmphasis,0.927519273200232,0.23857179284095764
wavelet-HHL_gldm_SmallDependenceHighGrayLevelEmphasis,0.9244630369622188,0.19368016719818115
wavelet-HHL_glrlm_GrayLevelNonUniformityNormalized,0.917828241108011,0.7495975196361542
wavelet-HHL_glrlm_GrayLevelVariance,0.8782846539944549,0.31257040798664093
wavelet-HHL_glrlm_LongRunEmphasis,0.900470969373735,0.11668527126312256
wavelet-HHL_glrlm_RunEntropy,0.918730604999179,0.3361395001411438
wavelet-HHL_glrlm_RunLengthNonUniformity,0.9532438835509772,0.05847424268722534
wavelet-HHL_glrlm_RunLengthNonUniformityNormalized,0.9094443471732964,0.16235288977622986
wavelet-HHL_glrlm_RunPercentage,0.9068964879737725,0.15513363480567932
wavelet-HHL_glrlm_RunVariance,0.8957706779482902,0.11668527126312256
wavelet-HHL_glrlm_ShortRunEmphasis,0.9086860923814171,0.14815247058868408
wavelet-HHL_glszm_GrayLevelNonUniformity,0.9530419885600009,0.2290707677602768
wavelet-HHL_glszm_GrayLevelNonUniformityNormalized,0.9365976169532207,0.39974282681941986
wavelet-HHL_glszm_GrayLevelVariance,0.8683160920728206,0.09056484699249268
wavelet-HHL_glszm_LargeAreaHighGrayLevelEmphasis,0.8452663859951449,0.07722577452659607
wavelet-HHL_glszm_LargeAreaLowGrayLevelEmphasis,0.9739616953575994,0.8593128323554993
wavelet-HHL_glszm_LowGrayLevelZoneEmphasis,0.8768968006249486,0.10562613606452942
wavelet-HHL_glszm_SizeZoneNonUniformity,0.8313874103702357,0.29008127748966217
wavelet-HHL_glszm_SizeZoneNonUniformityNormalized,0.9331797203602662,0.4698396325111389
wavelet-HHL_glszm_SmallAreaEmphasis,0.9216568326781808,0.5303222090005875
wavelet-HHL_glszm_SmallAreaLowGrayLevelEmphasis,0.8749845452776086,0.12860044836997986
wavelet-HHL_glszm_ZoneEntropy,0.8457012824586995,0.15513363480567932
wavelet-HHL_glszm_ZonePercentage,0.9235307211837068,0.23857179284095764
wavelet-HHL_ngtdm_Busyness,0.9713396042793501,0.5303222090005875
wavelet-HHL_ngtdm_Coarseness,0.8994002147981967,0.06548145413398743
wavelet-HHL_ngtdm_Contrast,0.8759567386336761,0.07722577452659607
wavelet-HLH_firstorder_10Percentile,0.7775807920240202,0.8965883553028107
wavelet-HLH_firstorder_90Percentile,0.8794549745387223,0.9153143465518951
wavelet-HLH_firstorder_Entropy,0.8264811898642285,0.8407831341028214
wavelet-HLH_firstorder_InterquartileRange,0.8693666362629181,0.7139776796102524
wavelet-HLH_firstorder_MeanAbsoluteDeviation,0.8559945909528106,0.9340859353542328
wavelet-HLH_firstorder_RobustMeanAbsoluteDeviation,0.8627230873897431,0.9340859353542328
wavelet-HLH_firstorder_RootMeanSquared,0.8394210092543675,0.8407831341028214
wavelet-HLH_firstorder_Uniformity,0.7913611389904014,0.5619325190782547
wavelet-HLH_firstorder_Variance,0.8283884831653271,0.7495975196361542
wavelet-HLH_glcm_ClusterTendency,0.8297993249621383,0.5780609846115112
wavelet-HLH_glcm_Contrast,0.8139202821273531,0.6616804599761963
wavelet-HLH_glcm_DifferenceAverage,0.848361625884195,0.8779177963733673
wavelet-HLH_glcm_DifferenceEntropy,0.8348297013335914,0.9717257022857666
wavelet-HLH_glcm_DifferenceVariance,0.7888701086852073,0.6616804599761963
wavelet-HLH_glcm_Id,0.8277348239894337,0.6789510101079941
wavelet-HLH_glcm_Idm,0.817268048605312,0.6109333634376526
wavelet-HLH_glcm_Imc1,0.938852148990703,0.8407831341028214
wavelet-HLH_glcm_Imc2,0.9025215032454802,0.9717257022857666
wavelet-HLH_glcm_InverseVariance,0.8230367746277393,0.7495975196361542
wavelet-HLH_glcm_JointEnergy,0.7567431466198636,0.44104358553886414
wavelet-HLH_glcm_JointEntropy,0.8096891436595878,0.9905734956264496
wavelet-HLH_glcm_SumEntropy,0.8309206989209454,0.9340859353542328
wavelet-HLH_glcm_SumSquares,0.8228020305836189,0.6276643574237823
wavelet-HLH_gldm_DependenceNonUniformityNormalized,0.8781935792751376,0.6963860541582108
wavelet-HLH_gldm_DependenceVariance,0.799082181077954,0.1348898708820343
wavelet-HLH_gldm_GrayLevelVariance,0.8311957137352973,0.7495975196361542
wavelet-HLH_gldm_LargeDependenceEmphasis,0.8240250325343859,0.15513363480567932
wavelet-HLH_gldm_SmallDependenceEmphasis,0.8778954611304642,0.37350593507289886
wavelet-HLH_gldm_SmallDependenceLowGrayLevelEmphasis,0.7725493101861783,0.5148514956235886
wavelet-HLH_glrlm_GrayLevelNonUniformityNormalized,0.7900613376120856,0.6616804599761963
wavelet-HLH_glrlm_GrayLevelVariance,0.8289190138336439,0.7317177355289459
wavelet-HLH_glrlm_LongRunEmphasis,0.8393888789804825,0.1854744255542755
wavelet-HLH_glrlm_RunEntropy,0.8120802832404344,0.7495975196361542
wavelet-HLH_glrlm_RunLengthNonUniformityNormalized,0.8312616833975297,0.3011907488107681
wavelet-HLH_glrlm_RunPercentage,0.8351990890394706,0.23857179284095764
wavelet-HLH_glrlm_RunVariance,0.8484552948435403,0.15513363480567932
wavelet-HLH_glrlm_ShortRunEmphasis,0.8276712691684649,0.2583710700273514
wavelet-HLH_glszm_GrayLevelVariance,0.7562031694857898,0.7139776796102524
wavelet-HLH_glszm_LargeAreaEmphasis,0.9800486208569507,0.10040661692619324
wavelet-HLH_glszm_LargeAreaHighGrayLevelEmphasis,0.9167001716466471,0.7495975196361542
wavelet-HLH_glszm_LargeAreaLowGrayLevelEmphasis,0.8310090777440687,0.2583710700273514
wavelet-HLH_glszm_SizeZoneNonUniformity,0.8996484402510175,0.05847424268722534
wavelet-HLH_glszm_ZonePercentage,0.8819071623865289,0.5303222090005875
wavelet-HLH_glszm_ZoneVariance,0.9800527439655632,0.10040661692619324
wavelet-HLH_ngtdm_Busyness,0.8727165251936416,0.1854744255542755
wavelet-HLH_ngtdm_Contrast,0.8696590752354018,0.8407831341028214
wavelet-HLH_ngtdm_Strength,0.9333731882295209,0.6789510101079941
wavelet-HLL_firstorder_10Percentile,0.8347865032700363,0.44104358553886414
wavelet-HLL_firstorder_90Percentile,0.7894757077175317,0.3864929676055908
wavelet-HLL_firstorder_InterquartileRange,0.8793619503991315,0.6109333634376526
wavelet-HLL_firstorder_Mean,0.9307101519229654,0.31257040798664093
wavelet-HLL_firstorder_MeanAbsoluteDeviation,0.7918243950621253,0.2583710700273514
wavelet-HLL_firstorder_RobustMeanAbsoluteDeviation,0.8689440042751093,0.4698396325111389
wavelet-HLL_glcm_Correlation,0.7633522093460844,0.9717257022857666
wavelet-HLL_glcm_DifferenceAverage,0.7996918982568525,0.2686719596385956
wavelet-HLL_glcm_DifferenceEntropy,0.7688842139315977,0.29008127748966217
wavelet-HLL_glcm_Id,0.7898237897978114,0.7676084339618683
wavelet-HLL_glcm_Idm,0.7748929472362708,0.8407831341028214
wavelet-HLL_glcm_Idmn,0.8598906378789657,0.219833105802536
wavelet-HLL_glcm_Idn,0.802442522613847,0.15513363480567932
wavelet-HLL_glcm_Imc1,0.9035392550164469,0.6789510101079941
wavelet-HLL_glcm_Imc2,0.8415226658500401,0.5303222090005875
wavelet-HLL_glcm_InverseVariance,0.7740407012821715,0.8779177963733673
wavelet-HLL_glcm_JointEntropy,0.7749010820411807,0.324220210313797
wavelet-HLL_glcm_SumEntropy,0.759923494742828,0.3483276069164276
wavelet-HLL_gldm_DependenceNonUniformityNormalized,0.8567067142589214,0.7676084339618683
wavelet-HLL_gldm_DependenceVariance,0.8390030562096441,0.41325296461582184
wavelet-HLL_gldm_LargeDependenceEmphasis,0.8061690918184165,0.594396710395813
wavelet-HLL_gldm_LowGrayLevelEmphasis,0.7852108682654544,0.5460176914930344
wavelet-HLL_gldm_SmallDependenceEmphasis,0.834641189122549,0.9340859353542328
wavelet-HLL_gldm_SmallDependenceLowGrayLevelEmphasis,0.7911191659470447,0.14815247058868408
wavelet-HLL_glrlm_LongRunEmphasis,0.7986724074861788,0.7495975196361542
wavelet-HLL_glrlm_LongRunLowGrayLevelEmphasis,0.7635523603238147,0.6109333634376526
wavelet-HLL_glrlm_LowGrayLevelRunEmphasis,0.7864653517528157,0.4846055656671524
wavelet-HLL_glrlm_RunLengthNonUniformityNormalized,0.808998245269022,0.7317177355289459
wavelet-HLL_glrlm_RunPercentage,0.8071039082927369,0.6963860541582108
wavelet-HLL_glrlm_RunVariance,0.8005376008944526,0.7317177355289459
wavelet-HLL_glrlm_ShortRunEmphasis,0.8026407651189038,0.7317177355289459
wavelet-HLL_glrlm_ShortRunLowGrayLevelEmphasis,0.7917694277222056,0.4698396325111389
wavelet-HLL_glszm_GrayLevelNonUniformity,0.9467305256898343,0.08593340218067169
wavelet-HLL_glszm_LargeAreaEmphasis,0.9745891145910799,0.41325296461582184
wavelet-HLL_glszm_LargeAreaHighGrayLevelEmphasis,0.9132441966468524,0.8965883553028107
wavelet-HLL_glszm_LargeAreaLowGrayLevelEmphasis,0.9797046001217611,0.82233826816082
wavelet-HLL_glszm_LowGrayLevelZoneEmphasis,0.8258327134391686,0.219833105802536
wavelet-HLL_glszm_SizeZoneNonUniformityNormalized,0.8116851446244229,0.6616804599761963
wavelet-HLL_glszm_SmallAreaEmphasis,0.7922386590967033,0.6276643574237823
wavelet-HLL_glszm_SmallAreaLowGrayLevelEmphasis,0.8455641446229414,0.19368016719818115
wavelet-HLL_glszm_ZonePercentage,0.8324975413044811,0.9905734956264496
wavelet-HLL_glszm_ZoneVariance,0.9745970255685845,0.41325296461582184
wavelet-HLL_ngtdm_Busyness,0.7627917288752041,0.4553176909685135
wavelet-HLL_ngtdm_Contrast,0.9340202624539408,0.9905734956264496
wavelet-HLL_ngtdm_Strength,0.9313880070760422,0.9340859353542328
wavelet-LHH_firstorder_Energy,0.851977700365236,0.3607836216688156
wavelet-LHH_firstorder_Mean,0.9757174203060613,0.0692269504070282
wavelet-LHH_glcm_Imc1,0.9500471004690921,0.1775200217962265
wavelet-LHH_glcm_Imc2,0.9230397354181987,0.08593340218067169
wavelet-LHH_glcm_JointEnergy,0.7831721630877472,0.08148856461048126
wavelet-LHH_glcm_MaximumProbability,0.77123375025852,0.12253367900848389
wavelet-LHH_gldm_DependenceNonUniformity,0.948408662511226,0.1775200217962265
wavelet-LHH_gldm_LargeDependenceLowGrayLevelEmphasis,0.9131104918189378,0.7676084339618683
wavelet-LHH_glrlm_LongRunLowGrayLevelEmphasis,0.7940645037605054,0.3483276069164276
wavelet-LHH_glrlm_LowGrayLevelRunEmphasis,0.7506156857367625,0.324220210313797
wavelet-LHH_glszm_GrayLevelNonUniformity,0.9656565615227154,0.11105082929134369
wavelet-LHH_glszm_GrayLevelNonUniformityNormalized,0.7646154614042843,0.37350593507289886
wavelet-LHH_glszm_LowGrayLevelZoneEmphasis,0.8110849729803773,0.3607836216688156
wavelet-LHH_glszm_SizeZoneNonUniformity,0.9299766932605841,0.3483276069164276
wavelet-LHH_glszm_SmallAreaLowGrayLevelEmphasis,0.8101708746007958,0.44104358553886414
wavelet-LHH_glszm_ZoneEntropy,0.7773146040705733,0.9528931677341461
wavelet-LHH_ngtdm_Busyness,0.8827521686422491,0.31257040798664093
wavelet-LHH_ngtdm_Strength,0.9434662335034045,0.1775200217962265
wavelet-LHL_firstorder_10Percentile,0.7759797931540687,0.6616804599761963
wavelet-LHL_firstorder_90Percentile,0.7552531442360325,0.8407831341028214
wavelet-LHL_firstorder_Energy,0.8969731120502878,0.27924175560474396
wavelet-LHL_firstorder_Entropy,0.7770858280942124,0.8593128323554993
wavelet-LHL_firstorder_Mean,0.8833843429377425,0.31257040798664093
wavelet-LHL_firstorder_MeanAbsoluteDeviation,0.7567023251864681,0.7676084339618683
wavelet-LHL_firstorder_Median,0.9148533255340487,0.16235288977622986
wavelet-LHL_firstorder_RobustMeanAbsoluteDeviation,0.7578555390332298,0.5303222090005875
wavelet-LHL_firstorder_TotalEnergy,0.8110446942149375,0.1698138564825058
wavelet-LHL_firstorder_Uniformity,0.8035323482332518,0.4553176909685135
wavelet-LHL_glcm_DifferenceAverage,0.7569766553588625,0.6616804599761963
wavelet-LHL_glcm_DifferenceEntropy,0.7928206452396125,0.6276643574237823
wavelet-LHL_glcm_Id,0.806803937792361,0.41325296461582184
wavelet-LHL_glcm_Idm,0.8171478542204019,0.3011907488107681
wavelet-LHL_glcm_Imc1,0.9397068452993013,0.7317177355289459
wavelet-LHL_glcm_Imc2,0.9380385119611323,0.6789510101079941
wavelet-LHL_glcm_InverseVariance,0.8136171850153524,0.27924175560474396
wavelet-LHL_glcm_JointEnergy,0.8254475484114215,0.3361395001411438
wavelet-LHL_glcm_JointEntropy,0.7847795420738278,0.7317177355289459
wavelet-LHL_glcm_MCC,0.7842519430985397,0.8779177963733673
wavelet-LHL_glcm_MaximumProbability,0.8121446160348049,0.4698396325111389
wavelet-LHL_glcm_SumEntropy,0.7623653637366248,0.9717257022857666
wavelet-LHL_gldm_DependenceNonUniformity,0.9492103965282966,0.09056484699249268
wavelet-LHL_gldm_DependenceNonUniformityNormalized,0.7901685111965534,0.324220210313797
wavelet-LHL_gldm_DependenceVariance,0.7930235903590462,0.2686719596385956
wavelet-LHL_gldm_LargeDependenceEmphasis,0.8248444446846818,0.23857179284095764
wavelet-LHL_gldm_LargeDependenceLowGrayLevelEmphasis,0.7701643324788726,0.219833105802536
wavelet-LHL_gldm_SmallDependenceEmphasis,0.8022980877163493,0.6789510101079941
wavelet-LHL_gldm_SmallDependenceLowGrayLevelEmphasis,0.8335856905579261,0.3011907488107681
wavelet-LHL_glrlm_GrayLevelNonUniformityNormalized,0.8052320850207382,0.4996110200881958
wavelet-LHL_glrlm_LongRunEmphasis,0.8207778643021042,0.29008127748966217
wavelet-LHL_glrlm_RunEntropy,0.7657355511698315,0.6789510101079941
wavelet-LHL_glrlm_RunLengthNonUniformityNormalized,0.8116225785956486,0.29008127748966217
wavelet-LHL_glrlm_RunPercentage,0.81399315738198,0.27924175560474396
wavelet-LHL_glrlm_RunVariance,0.8200272240002537,0.29008127748966217
wavelet-LHL_glrlm_ShortRunEmphasis,0.8156889309832528,0.27924175560474396
wavelet-LHL_glszm_GrayLevelNonUniformityNormalized,0.8026335815971529,0.6276643574237823
wavelet-LHL_glszm_LargeAreaEmphasis,0.8957106060665033,0.12253367900848389
wavelet-LHL_glszm_LargeAreaLowGrayLevelEmphasis,0.9033694059809155,0.7495975196361542
wavelet-LHL_glszm_LowGrayLevelZoneEmphasis,0.7674373297720833,0.31257040798664093
wavelet-LHL_glszm_SizeZoneNonUniformity,0.9389404633937567,0.12860044836997986
wavelet-LHL_glszm_SizeZoneNonUniformityNormalized,0.8188723239960009,0.7676084339618683
wavelet-LHL_glszm_SmallAreaEmphasis,0.8254792935021688,0.7857417166233063
wavelet-LHL_glszm_SmallAreaLowGrayLevelEmphasis,0.7985299545903464,0.29008127748966217
wavelet-LHL_glszm_ZoneEntropy,0.8200546953824551,0.10562613606452942
wavelet-LHL_glszm_ZonePercentage,0.7948529199037685,0.5303222090005875
wavelet-LHL_glszm_ZoneVariance,0.8953910476144664,0.12253367900848389
wavelet-LHL_ngtdm_Busyness,0.9452445250017578,0.7857417166233063
wavelet-LHL_ngtdm_Coarseness,0.8878757633964184,0.1854744255542755
wavelet-LHL_ngtdm_Contrast,0.8588857682651345,0.41325296461582184
wavelet-LLH_firstorder_10Percentile,0.8916720461119991,0.4553176909685135
wavelet-LLH_firstorder_90Percentile,0.7817994325792013,0.3011907488107681
wavelet-LLH_firstorder_Energy,0.9413370022912617,0.9717257022857666
wavelet-LLH_firstorder_InterquartileRange,0.9092583735475768,0.31257040798664093
wavelet-LLH_firstorder_Maximum,0.7806455177427408,0.6963860541582108
wavelet-LLH_firstorder_Mean,0.8667283388272361,0.594396710395813
wavelet-LLH_firstorder_MeanAbsoluteDeviation,0.8374193027918683,0.44104358553886414
wavelet-LLH_firstorder_Median,0.9122953439905519,0.6445824354887009
wavelet-LLH_firstorder_RobustMeanAbsoluteDeviation,0.8994404509925971,0.324220210313797
wavelet-LLH_firstorder_RootMeanSquared,0.7881167172361268,0.4846055656671524
wavelet-LLH_firstorder_TotalEnergy,0.9472324750197711,0.8039880394935608
wavelet-LLH_firstorder_Uniformity,0.7551562131622555,0.16235288977622986
wavelet-LLH_firstorder_Variance,0.8294169829955998,0.6276643574237823
wavelet-LLH_glcm_ClusterTendency,0.8109758852523014,0.7495975196361542
wavelet-LLH_glcm_Contrast,0.8361080369850616,0.5148514956235886
wavelet-LLH_glcm_DifferenceAverage,0.8242169916680617,0.39974282681941986
wavelet-LLH_glcm_DifferenceEntropy,0.7577101795908183,0.37350593507289886
wavelet-LLH_glcm_DifferenceVariance,0.7669901225322832,0.6276643574237823
wavelet-LLH_glcm_Id,0.7937160085031009,0.21085703372955322
wavelet-LLH_glcm_Idm,0.7840312585689586,0.19368016719818115
wavelet-LLH_glcm_Idmn,0.7861264176602827,0.11668527126312256
wavelet-LLH_glcm_Idn,0.79491699774,0.219833105802536
wavelet-LLH_glcm_Imc1,0.9364399048665487,0.23857179284095764
wavelet-LLH_glcm_Imc2,0.793779529179918,0.2290707677602768
wavelet-LLH_glcm_InverseVariance,0.7877258896263006,0.1698138564825058
wavelet-LLH_glcm_SumSquares,0.8221936100104755,0.6616804599761963
wavelet-LLH_gldm_DependenceNonUniformity,0.9675876798494576,0.07722577452659607
wavelet-LLH_gldm_DependenceNonUniformityNormalized,0.8772925546305048,0.15513363480567932
wavelet-LLH_gldm_GrayLevelVariance,0.8297711421199654,0.6109333634376526
wavelet-LLH_gldm_SmallDependenceEmphasis,0.8165978643844053,0.08593340218067169
wavelet-LLH_gldm_SmallDependenceLowGrayLevelEmphasis,0.7890000446814689,0.9340859353542328
wavelet-LLH_glrlm_GrayLevelNonUniformityNormalized,0.7586931651958289,0.19368016719818115
wavelet-LLH_glrlm_GrayLevelVariance,0.8262765833469559,0.594396710395813
wavelet-LLH_glrlm_RunLengthNonUniformityNormalized,0.7674808136082935,0.07722577452659607
wavelet-LLH_glrlm_RunPercentage,0.7522954174300579,0.08593340218067169
wavelet-LLH_glrlm_ShortRunEmphasis,0.756764269903347,0.0692269504070282
wavelet-LLH_glszm_GrayLevelNonUniformityNormalized,0.7596053362454678,0.37350593507289886
wavelet-LLH_glszm_GrayLevelVariance,0.7747763919431865,0.6276643574237823
wavelet-LLH_glszm_LowGrayLevelZoneEmphasis,0.7997124414739819,0.82233826816082
wavelet-LLH_glszm_SizeZoneNonUniformity,0.9699963599630509,0.3011907488107681
wavelet-LLH_glszm_SmallAreaLowGrayLevelEmphasis,0.8585255701764938,0.8593128323554993
wavelet-LLH_glszm_ZoneEntropy,0.795056867959094,0.6616804599761963
wavelet-LLH_glszm_ZonePercentage,0.8038757689160108,0.07314017415046692
wavelet-LLH_ngtdm_Coarseness,0.9056196964354967,0.09056484699249268
wavelet-LLH_ngtdm_Contrast,0.976026817010668,0.05208057165145874
wavelet-LLH_ngtdm_Strength,0.9390406676115223,0.1348898708820343
wavelet-LLL_firstorder_Mean,0.8216373389648429,0.9340859353542328
wavelet-LLL_firstorder_Median,0.8333047048224294,0.6789510101079941
wavelet-LLL_firstorder_RootMeanSquared,0.8356521041894365,0.594396710395813
wavelet-LLL_glcm_Autocorrelation,0.758849446979274,0.5780609846115112
wavelet-LLL_glcm_DifferenceAverage,0.8025453718135831,0.8965883553028107
wavelet-LLL_glcm_Id,0.8199193715241111,0.3483276069164276
wavelet-LLL_glcm_Idm,0.8078046562814325,0.27924175560474396
wavelet-LLL_glcm_Idmn,0.9127632695367034,0.219833105802536
wavelet-LLL_glcm_Idn,0.8948551565906772,0.8779177963733673
wavelet-LLL_glcm_Imc1,0.8227201470573001,0.2483380287885666
wavelet-LLL_glcm_InverseVariance,0.80959385690408,0.19368016719818115
wavelet-LLL_gldm_DependenceNonUniformity,0.9668026100632684,0.06548145413398743
wavelet-LLL_gldm_DependenceNonUniformityNormalized,0.9110973349272062,0.3361395001411438
wavelet-LLL_gldm_DependenceVariance,0.7651754875715795,0.3607836216688156
wavelet-LLL_gldm_LargeDependenceHighGrayLevelEmphasis,0.7828022235942795,0.9717257022857666
wavelet-LLL_gldm_SmallDependenceEmphasis,0.8523269725745781,0.14815247058868408
wavelet-LLL_glrlm_LongRunEmphasis,0.7764427928143781,0.1698138564825058
wavelet-LLL_glrlm_LongRunHighGrayLevelEmphasis,0.7548117738410648,0.6445824354887009
wavelet-LLL_glrlm_RunLengthNonUniformityNormalized,0.8073946144367523,0.1698138564825058
wavelet-LLL_glrlm_RunPercentage,0.7968359695837417,0.15513363480567932
wavelet-LLL_glrlm_RunVariance,0.7675274699341171,0.14815247058868408
wavelet-LLL_glrlm_ShortRunEmphasis,0.7975751387613397,0.14815247058868408
wavelet-LLL_glszm_SizeZoneNonUniformity,0.9690779079574595,0.1698138564825058
wavelet-LLL_glszm_SizeZoneNonUniformityNormalized,0.8435851398450539,0.11105082929134369
wavelet-LLL_glszm_SmallAreaEmphasis,0.818662286492649,0.09538766741752625
wavelet-LLL_glszm_ZonePercentage,0.8405144640842885,0.14815247058868408
wavelet-LLL_ngtdm_Busyness,0.8567297968538811,0.1775200217962265
wavelet-LLL_ngtdm_Contrast,0.8259550345885214,0.5619325190782547
__umbrales__,0.75,0.05
